{"request0":{"relevance":[{"docid":1,"rank":1.100000023841858},{"docid":2,"rank":1.2000000476837158},{"docid":3,"rank":1.2999999523162842},{"docid":4,"rank":1.399999976158142}],"result":true},"request1":{"docid":1,"rank":2.0999999046325684,"result":true},"request2":{"relevance":[],"result":false}}